Crash Year,Crash Month,Crash Day,Time of Day,City or Township,Crash: Intersection,Crash: Hit-and-Run,Lighting Conditions,Highway Class,Highway Number,Speed Limit at Crash Site,Weather Conditions (2016+),Worst Injury in Crash,Traffic Control,Trafficway,Crash Type
2018,September,25,11:00 AM - 12:00 noon,Wayne County: Detroit,Not intersection crash,Hit-and-run,Daylight,"County road, city street, or unknown",Local road or unknown,30,Cloudy,Possible injury (C),None,"Divided highway, median strip, without traffic barrier",Other
2018,May,5,3:00 AM - 4:00 AM,Wayne County: Detroit,Intersection crash,Hit-and-run,Dark lighted,Michigan route,M-1,25,Clear,Possible injury (C),None,Not physically divided (two-way trafficway),Single motor vehicle
2018,July,15,1:00 PM - 2:00 PM,Wayne County: Canton Twp.,Not intersection crash,Not hit-and-run,Daylight,"County road, city street, or unknown",Local road or unknown,15,Clear,Suspected serious injury (A),None,Not physically divided (two-way trafficway),Single motor vehicle
2018,July,5,5:00 PM - 6:00 PM,Wayne County: Detroit,Intersection crash,Not hit-and-run,Daylight,"County road, city street, or unknown",Local road or unknown,30,Clear,No injury (O),Signal,Not physically divided (two-way trafficway),Single motor vehicle
2018,July,15,9:00 PM - 10:00 PM,Wayne County: Livonia,Not intersection crash,Not hit-and-run,Dark unlighted,"County road, city street, or unknown",Local road or unknown,40,Rain,Suspected serious injury (A),None,Not physically divided (two-way trafficway),Other
2018,September,3,8:00 PM - 9:00 PM,Wayne County: Detroit,Not intersection crash,Not hit-and-run,Dusk,"County road, city street, or unknown",Local road or unknown,25,Clear,Suspected serious injury (A),None,Not physically divided (two-way trafficway),Single motor vehicle
2018,October,3,8:00 AM - 9:00 AM,Wayne County: Southgate,Intersection crash,Not hit-and-run,Daylight,"County road, city street, or unknown",Local road or unknown,25,Cloudy,Possible injury (C),Signal,Not physically divided (two-way trafficway),Single motor vehicle
2018,February,14,1:00 PM - 2:00 PM,Wayne County: Highland Park,Intersection crash,Not hit-and-run,Daylight,Michigan route,M-1,30,Clear,Suspected minor injury (B),Signal,Not physically divided (two-way trafficway),Single motor vehicle
2018,January,28,2:00 PM - 3:00 PM,Wayne County: Dearborn,Not intersection crash,Hit-and-run,Daylight,"County road, city street, or unknown",Local road or unknown,35,Clear,Suspected serious injury (A),None,Not physically divided (two-way trafficway),Single motor vehicle
2018,January,28,3:00 PM - 4:00 PM,Wayne County: Detroit,Not intersection crash,Not hit-and-run,Dusk,"County road, city street, or unknown",Local road or unknown,30,Clear,No injury (O),None,Not physically divided (two-way trafficway),Other
2018,March,27,7:00 AM - 8:00 AM,Wayne County: Detroit,Intersection crash,Not hit-and-run,Daylight,"County road, city street, or unknown",Local road or unknown,30,Rain,Suspected serious injury (A),Signal,Not physically divided (two-way trafficway),Single motor vehicle
2018,November,25,7:00 PM - 8:00 PM,Wayne County: Detroit,Not intersection crash,Not hit-and-run,Dark lighted,Interstate route,M-94\I-94\I-94BL\I-94BR,55,Cloudy,Suspected serious injury (A),None,"Divided highway, median strip, with traffic barrier",Other
2018,November,3,8:00 PM - 9:00 PM,Wayne County: Detroit,Intersection crash,Hit-and-run,Dark lighted,"County road, city street, or unknown",Local road or unknown,30,Clear,Possible injury (C),None,Not physically divided (two-way trafficway),Other
2018,December,20,2:00 PM - 3:00 PM,Wayne County: Detroit,Intersection crash,Hit-and-run,Daylight,"County road, city street, or unknown",Local road or unknown,25,Clear,Possible injury (C),Yield sign,Not physically divided (two-way trafficway),Other
2018,November,24,8:00 PM - 9:00 PM,Wayne County: Detroit,Not intersection crash,Hit-and-run,Dark unlighted,"County road, city street, or unknown",Local road or unknown,35,Rain,Suspected serious injury (A),None,Not physically divided (two-way trafficway),Other
2018,June,6,12:00 midnight - 1:00 AM,Wayne County: Romulus,Not intersection crash,Hit-and-run,Dark unlighted,"County road, city street, or unknown",Local road or unknown,45,Clear,Suspected minor injury (B),None,Not physically divided (two-way trafficway),Other
2018,June,5,4:00 AM - 5:00 AM,Wayne County: Detroit,Not intersection crash,Not hit-and-run,Dark lighted,"County road, city street, or unknown",Local road or unknown,70,Rain,Suspected minor injury (B),None,"Divided highway, median strip, with traffic barrier",Other
2018,June,28,9:00 PM - 10:00 PM,Wayne County: Detroit,Not intersection crash,Hit-and-run,Dark lighted,"County road, city street, or unknown",Local road or unknown,35,Clear,Possible injury (C),None,Not physically divided (two-way trafficway),Other
2018,September,25,8:00 AM - 9:00 AM,Wayne County: Detroit,Intersection crash,Hit-and-run,Daylight,Michigan route,M-3,35,Clear,Possible injury (C),Signal,Not physically divided (two-way trafficway),Unknown
2018,February,8,8:00 AM - 9:00 AM,Wayne County: Dearborn,Intersection crash,Not hit-and-run,Daylight,"County road, city street, or unknown",Local road or unknown,25,Clear,Suspected minor injury (B),None,Not physically divided (two-way trafficway),Single motor vehicle
2018,November,30,3:00 PM - 4:00 PM,Wayne County: Dearborn,Intersection crash,Not hit-and-run,Daylight,U.S. route,M-24\US-24\US-24BR,25,Clear,No injury (O),None,Not physically divided (two-way trafficway),Single motor vehicle
2018,May,7,12:00 noon - 1:00 PM,Wayne County: Detroit,Intersection crash,Hit-and-run,Daylight,"County road, city street, or unknown",Local road or unknown,35,Clear,Suspected serious injury (A),None,One-way trafficway,Other
2018,June,20,9:00 PM - 10:00 PM,Wayne County: Detroit,Not intersection crash,Hit-and-run,Dark lighted,Michigan route,M-5,25,Clear,No injury (O),None,"Divided highway, median strip, without traffic barrier",Single motor vehicle
2018,July,11,4:00 PM - 5:00 PM,Wayne County: Detroit,Intersection crash,Not hit-and-run,Daylight,"County road, city street, or unknown",Local road or unknown,25,Clear,Possible injury (C),Signal,"Divided highway, median strip, without traffic barrier",Single motor vehicle
2018,June,21,6:00 PM - 7:00 PM,Wayne County: Livonia,Not intersection crash,Not hit-and-run,Daylight,"County road, city street, or unknown",Local road or unknown,25,Clear,Suspected minor injury (B),None,Not physically divided (two-way trafficway),Other
2018,July,18,5:00 AM - 6:00 AM,Wayne County: Detroit,Not intersection crash,Hit-and-run,Dark lighted,"County road, city street, or unknown",Local road or unknown,Uncoded & errors,Clear,Suspected serious injury (A),None,"Divided highway, median strip, with traffic barrier",Other
2018,September,18,12:00 noon - 1:00 PM,Wayne County: Detroit,Intersection crash,Not hit-and-run,Daylight,"County road, city street, or unknown",Local road or unknown,15,Clear,Possible injury (C),Stop sign,Not physically divided (two-way trafficway),Single motor vehicle
2018,February,19,6:00 PM - 7:00 PM,Wayne County: Inkster,Not intersection crash,Hit-and-run,Dark lighted,U.S. route,M-12\US-12\US-12BL\US-12BR,40,Rain,Suspected minor injury (B),None,"Divided highway, median strip, with traffic barrier",Single motor vehicle
2018,May,13,2:00 PM - 3:00 PM,Wayne County: Detroit,Not intersection crash,Not hit-and-run,Daylight,"County road, city street, or unknown",Local road or unknown,25,Clear,Possible injury (C),None,Not physically divided (two-way trafficway),Unknown
2018,September,17,8:00 PM - 9:00 PM,Wayne County: Detroit,Intersection crash,Not hit-and-run,Dark lighted,Michigan route,M-8\US-8,30,Clear,Possible injury (C),Signal,Not physically divided (two-way trafficway),Single motor vehicle
2018,February,14,9:00 AM - 10:00 AM,Wayne County: Plymouth Twp.,Not intersection crash,Not hit-and-run,Daylight,"County road, city street, or unknown",Local road or unknown,25,Clear,Possible injury (C),None,Not physically divided (two-way trafficway),Other
2018,January,15,5:00 PM - 6:00 PM,Wayne County: Detroit,Intersection crash,Hit-and-run,Dark lighted,Michigan route,M-1,30,Snow,Possible injury (C),Signal,Not physically divided (two-way trafficway),Other
2018,December,16,4:00 AM - 5:00 AM,Wayne County: Detroit,Not intersection crash,Hit-and-run,Dark lighted,"County road, city street, or unknown",Local road or unknown,35,Clear,Suspected serious injury (A),None,Not physically divided (two-way trafficway),Single motor vehicle
2018,June,23,12:00 midnight - 1:00 AM,Wayne County: Detroit,Intersection crash,Not hit-and-run,Dark lighted,U.S. route,M-12\US-12\US-12BL\US-12BR,35,Clear,Suspected minor injury (B),None,Not physically divided (two-way trafficway),Other
2018,January,11,6:00 PM - 7:00 PM,Wayne County: Detroit,Intersection crash,Not hit-and-run,Dark lighted,"County road, city street, or unknown",Local road or unknown,35,Clear,Suspected serious injury (A),Signal,"Divided highway, median strip, with traffic barrier",Other
2018,March,17,5:00 PM - 6:00 PM,Wayne County: Detroit,Not intersection crash,Hit-and-run,Daylight,"County road, city street, or unknown",Local road or unknown,35,Clear,No injury (O),None,"Divided highway, median strip, without traffic barrier",Other
2018,June,12,11:00 PM - 12:00 midnight,Wayne County: Canton Twp.,Intersection crash,Not hit-and-run,Daylight,"County road, city street, or unknown",Local road or unknown,15,Clear,Possible injury (C),None,Not physically divided (two-way trafficway),Single motor vehicle
2018,September,30,2:00 AM - 3:00 AM,Wayne County: Detroit,Not intersection crash,Not hit-and-run,Dark lighted,"County road, city street, or unknown",Local road or unknown,35,Rain,Suspected minor injury (B),None,Not physically divided (two-way trafficway),Other
2018,May,22,11:00 AM - 12:00 noon,Wayne County: Detroit,Intersection crash,Not hit-and-run,Daylight,U.S. route,M-12\US-12\US-12BL\US-12BR,30,Clear,Possible injury (C),None,Not physically divided (two-way trafficway),Single motor vehicle
2018,February,18,9:00 AM - 10:00 AM,Wayne County: Southgate,Not intersection crash,Not hit-and-run,Daylight,Michigan route,M-85,45,Clear,Suspected minor injury (B),None,"Divided highway, median strip, without traffic barrier",Single motor vehicle
2018,June,6,7:00 AM - 8:00 AM,Wayne County: Westland,Intersection crash,Not hit-and-run,Daylight,"County road, city street, or unknown",Local road or unknown,40,Clear,Suspected minor injury (B),None,Not physically divided (two-way trafficway),Single motor vehicle
2018,May,14,2:00 PM - 3:00 PM,Wayne County: Detroit,Intersection crash,Not hit-and-run,Daylight,Michigan route,M-5,35,Cloudy,Suspected serious injury (A),Signal,Not physically divided (two-way trafficway),Single motor vehicle
2018,January,7,12:00 noon - 1:00 PM,Wayne County: Detroit,Not intersection crash,Hit-and-run,Daylight,Michigan route,M-39,30,Cloudy,No injury (O),None,Not physically divided (two-way trafficway),Other
2018,December,9,2:00 PM - 3:00 PM,Wayne County: Detroit,Intersection crash,Hit-and-run,Daylight,"County road, city street, or unknown",Local road or unknown,30,Clear,Suspected serious injury (A),Stop sign,Not physically divided (two-way trafficway),Angle
2018,December,19,12:00 noon - 1:00 PM,Wayne County: Detroit,Not intersection crash,Hit-and-run,Daylight,"County road, city street, or unknown",Local road or unknown,Uncoded & errors,Clear,No injury (O),None,Not physically divided (two-way trafficway),Other
2018,July,5,12:00 midnight - 1:00 AM,Wayne County: Detroit,Not intersection crash,Hit-and-run,Dark lighted,"County road, city street, or unknown",Local road or unknown,25,Clear,Suspected minor injury (B),None,Not physically divided (two-way trafficway),Single motor vehicle
2018,April,2,11:00 PM - 12:00 midnight,Wayne County: Detroit,Intersection crash,Not hit-and-run,Dark lighted,Interstate route,M-75\I-75\I-75BL\I-75BS,25,Clear,Possible injury (C),Signal,One-way trafficway,Single motor vehicle
2018,June,24,1:00 AM - 2:00 AM,Wayne County: Detroit,Not intersection crash,Hit-and-run,Dark lighted,"County road, city street, or unknown",Local road or unknown,Uncoded & errors,Clear,Suspected serious injury (A),Stop sign,One-way trafficway,Single motor vehicle
2018,January,22,7:00 AM - 8:00 AM,Wayne County: Detroit,Intersection crash,Hit-and-run,Dark lighted,"County road, city street, or unknown",Local road or unknown,30,Rain,Possible injury (C),Stop sign,"Two-way, with continuous left-turn lane",Other
2018,October,29,7:00 AM - 8:00 AM,Wayne County: Detroit,Intersection crash,Not hit-and-run,Dark lighted,"County road, city street, or unknown",Local road or unknown,30,Clear,Possible injury (C),Signal,"Two-way, with continuous left-turn lane",Other
2018,August,3,6:00 PM - 7:00 PM,Wayne County: Lincoln Park,Intersection crash,Hit-and-run,Daylight,"County road, city street, or unknown",Local road or unknown,25,Clear,No injury (O),None,Not physically divided (two-way trafficway),Single motor vehicle
2018,January,4,5:00 PM - 6:00 PM,Wayne County: Grosse Pointe Park,Intersection crash,Not hit-and-run,Unknown,"County road, city street, or unknown",Local road or unknown,35,Unknown,Possible injury (C),Signal,Not physically divided (two-way trafficway),Single motor vehicle
2018,July,3,11:00 AM - 12:00 noon,Wayne County: Dearborn,Not intersection crash,Hit-and-run,Unknown,"County road, city street, or unknown",Local road or unknown,20,Unknown,Possible injury (C),None,Not physically divided (two-way trafficway),Other
2018,October,6,1:00 PM - 2:00 PM,Wayne County: Detroit,Not intersection crash,Not hit-and-run,Daylight,"County road, city street, or unknown",Local road or unknown,25,Clear,No injury (O),None,Not physically divided (two-way trafficway),Single motor vehicle
2018,October,27,6:00 PM - 7:00 PM,Wayne County: Detroit,Intersection crash,Hit-and-run,Dusk,"County road, city street, or unknown",Local road or unknown,Uncoded & errors,Clear,No injury (O),Signal,Not physically divided (two-way trafficway),Single motor vehicle
2018,December,22,12:00 midnight - 1:00 AM,Wayne County: Detroit,Intersection crash,Hit-and-run,Dark lighted,Interstate route,M-94\I-94\I-94BL\I-94BR,35,Rain,No injury (O),Signal,Not physically divided (two-way trafficway),Other
2018,January,10,6:00 PM - 7:00 PM,Wayne County: Dearborn Heights,Not intersection crash,Not hit-and-run,Dark unlighted,"County road, city street, or unknown",Local road or unknown,40,Rain,No injury (O),Signal,Not physically divided (two-way trafficway),Single motor vehicle
2018,October,28,4:00 PM - 5:00 PM,Wayne County: Canton Twp.,Intersection crash,Hit-and-run,Daylight,"County road, city street, or unknown",Local road or unknown,25,Rain,Possible injury (C),None,"Divided highway, median strip, without traffic barrier",Other
2018,February,16,7:00 AM - 8:00 AM,Wayne County: Detroit,Not intersection crash,Hit-and-run,Dawn,"County road, city street, or unknown",Local road or unknown,35,Clear,No injury (O),None,Not physically divided (two-way trafficway),Unknown
2018,November,14,2:00 PM - 3:00 PM,Wayne County: Detroit,Not intersection crash,Not hit-and-run,Daylight,"County road, city street, or unknown",Local road or unknown,25,Clear,Possible injury (C),None,Not physically divided (two-way trafficway),Other
2018,February,3,2:00 AM - 3:00 AM,Wayne County: Detroit,Not intersection crash,Hit-and-run,Dark lighted,"County road, city street, or unknown",Local road or unknown,25,Clear,Fatal injury (K),Stop sign,Not physically divided (two-way trafficway),Single motor vehicle
2018,December,29,7:00 PM - 8:00 PM,Wayne County: Detroit,Intersection crash,Not hit-and-run,Dark lighted,"County road, city street, or unknown",Local road or unknown,35,Clear,Possible injury (C),Signal,Not physically divided (two-way trafficway),Other
2018,March,23,5:00 PM - 6:00 PM,Wayne County: Detroit,Not intersection crash,Not hit-and-run,Daylight,"County road, city street, or unknown",Local road or unknown,30,Clear,No injury (O),None,Not physically divided (two-way trafficway),Other
2018,August,18,5:00 AM - 6:00 AM,Wayne County: Detroit,Not intersection crash,Hit-and-run,Dark lighted,"County road, city street, or unknown",Local road or unknown,Uncoded & errors,Cloudy,Suspected minor injury (B),None,Not physically divided (two-way trafficway),Other
2018,August,29,6:00 PM - 7:00 PM,Wayne County: Detroit,Intersection crash,Not hit-and-run,Daylight,"County road, city street, or unknown",Local road or unknown,30,Cloudy,Suspected serious injury (A),Stop sign,One-way trafficway,Single motor vehicle
2018,February,15,6:00 AM - 7:00 AM,Wayne County: Detroit,Not intersection crash,Hit-and-run,Dark unlighted,"County road, city street, or unknown",Local road or unknown,Uncoded & errors,Clear,Possible injury (C),None,Not physically divided (two-way trafficway),Single motor vehicle
2018,October,8,7:00 AM - 8:00 AM,Wayne County: Detroit,Intersection crash,Not hit-and-run,Dusk,Michigan route,M-102\US-102,40,Rain,Possible injury (C),Signal,Not physically divided (two-way trafficway),Single motor vehicle
2018,July,5,1:00 AM - 2:00 AM,Wayne County: Detroit,Not intersection crash,Hit-and-run,Dark lighted,"County road, city street, or unknown",Local road or unknown,25,Clear,No injury (O),Stop sign,Not physically divided (two-way trafficway),Other
2018,February,19,7:00 PM - 8:00 PM,Wayne County: Detroit,Not intersection crash,Not hit-and-run,Dark lighted,"County road, city street, or unknown",Local road or unknown,35,Rain,No injury (O),Signal,Not physically divided (two-way trafficway),Other
2018,May,25,8:00 AM - 9:00 AM,Wayne County: Detroit,Not intersection crash,Not hit-and-run,Daylight,"County road, city street, or unknown",Local road or unknown,Uncoded & errors,Clear,No injury (O),None,Not physically divided (two-way trafficway),Other
2018,September,28,9:00 PM - 10:00 PM,Wayne County: Detroit,Intersection crash,Hit-and-run,Dark lighted,Michigan route,M-39,30,Clear,Suspected minor injury (B),None,One-way trafficway,Single motor vehicle
2018,August,24,12:00 noon - 1:00 PM,Wayne County: Detroit,Intersection crash,Not hit-and-run,Daylight,Michigan route,M-1,25,Cloudy,Possible injury (C),Signal,Not physically divided (two-way trafficway),Other
2018,December,20,7:00 PM - 8:00 PM,Wayne County: Detroit,Intersection crash,Hit-and-run,Dark unlighted,"County road, city street, or unknown",Local road or unknown,25,Rain,Possible injury (C),Stop sign,Not physically divided (two-way trafficway),Single motor vehicle
2018,August,14,1:00 PM - 2:00 PM,Wayne County: Detroit,Intersection crash,Not hit-and-run,Daylight,"County road, city street, or unknown",Local road or unknown,Uncoded & errors,Clear,No injury (O),Signal,Not physically divided (two-way trafficway),Other
2018,August,19,1:00 AM - 2:00 AM,Wayne County: Detroit,Not intersection crash,Hit-and-run,Dark lighted,Michigan route,M-39,25,Clear,Possible injury (C),None,Not physically divided (two-way trafficway),Unknown
2018,February,26,7:00 PM - 8:00 PM,Wayne County: Southgate,Intersection crash,Hit-and-run,Dark lighted,"County road, city street, or unknown",Local road or unknown,40,Clear,Fatal injury (K),None,"Two-way, with continuous left-turn lane",Single motor vehicle
2018,October,24,4:00 AM - 5:00 AM,Wayne County: Detroit,Not intersection crash,Hit-and-run,Dark lighted,"County road, city street, or unknown",Local road or unknown,30,Clear,Possible injury (C),Signal,Not physically divided (two-way trafficway),Other
2018,July,18,10:00 PM - 11:00 PM,Wayne County: Detroit,Intersection crash,Hit-and-run,Dark lighted,"County road, city street, or unknown",Local road or unknown,30,Clear,Suspected minor injury (B),None,Not physically divided (two-way trafficway),Unknown
2018,August,24,6:00 PM - 7:00 PM,Wayne County: Detroit,Intersection crash,Not hit-and-run,Daylight,"County road, city street, or unknown",Local road or unknown,25,Cloudy,Possible injury (C),Signal,Not physically divided (two-way trafficway),Other
2018,August,9,3:00 PM - 4:00 PM,Wayne County: Harper Woods,Intersection crash,Hit-and-run,Daylight,"County road, city street, or unknown",Local road or unknown,35,Clear,Suspected serious injury (A),Stop sign,One-way trafficway,Other
2018,October,13,1:00 PM - 2:00 PM,Wayne County: Detroit,Not intersection crash,Hit-and-run,Daylight,"County road, city street, or unknown",Local road or unknown,Uncoded & errors,Clear,No injury (O),None,Not physically divided (two-way trafficway),Other
2018,May,28,2:00 AM - 3:00 AM,Wayne County: Detroit,Intersection crash,Not hit-and-run,Dark lighted,Michigan route,M-3,35,Clear,No injury (O),None,Not physically divided (two-way trafficway),Single motor vehicle
2018,November,19,5:00 AM - 6:00 AM,Wayne County: Plymouth Twp.,Not intersection crash,Not hit-and-run,Dark unlighted,Michigan route,M-14\M-14old,70,Clear,Possible injury (C),None,"Divided highway, median strip, with traffic barrier",Sideswipe same direction
2018,August,1,6:00 PM - 7:00 PM,Wayne County: Belleville,Intersection crash,Not hit-and-run,Daylight,"County road, city street, or unknown",Local road or unknown,25,Clear,Possible injury (C),Signal,Not physically divided (two-way trafficway),Other
2018,February,25,7:00 PM - 8:00 PM,Wayne County: Detroit,Not intersection crash,Not hit-and-run,Dark unlighted,"County road, city street, or unknown",Local road or unknown,25,Clear,Possible injury (C),None,Not physically divided (two-way trafficway),Other
2018,November,11,4:00 PM - 5:00 PM,Wayne County: Detroit,Not intersection crash,Hit-and-run,Daylight,"County road, city street, or unknown",Local road or unknown,Uncoded & errors,Cloudy,No injury (O),None,"Divided highway, median strip, without traffic barrier",Other
2018,June,30,9:00 PM - 10:00 PM,Wayne County: Detroit,Not intersection crash,Not hit-and-run,Dark lighted,"County road, city street, or unknown",Local road or unknown,35,Clear,Suspected serious injury (A),None,Not physically divided (two-way trafficway),Other
2018,August,23,6:00 PM - 7:00 PM,Wayne County: Dearborn,Intersection crash,Not hit-and-run,Daylight,U.S. route,M-12\US-12\US-12BL\US-12BR,25,Clear,Suspected minor injury (B),Signal,Not physically divided (two-way trafficway),Other
2018,May,14,8:00 PM - 9:00 PM,Wayne County: Detroit,Not intersection crash,Hit-and-run,Dusk,"County road, city street, or unknown",Local road or unknown,25,Clear,Suspected serious injury (A),None,Not physically divided (two-way trafficway),Other
2018,November,24,6:00 AM - 7:00 AM,Wayne County: Dearborn,Intersection crash,Not hit-and-run,Dark lighted,"County road, city street, or unknown",Local road or unknown,35,Rain,Suspected minor injury (B),Signal,Not physically divided (two-way trafficway),Other
2018,June,9,1:00 AM - 2:00 AM,Wayne County: Detroit,Not intersection crash,Hit-and-run,Dark lighted,"County road, city street, or unknown",Local road or unknown,35,Clear,Possible injury (C),None,Not physically divided (two-way trafficway),Other
2018,May,27,4:00 AM - 5:00 AM,Wayne County: Detroit,Not intersection crash,Hit-and-run,Dark lighted,Interstate route,M-94\I-94\I-94BL\I-94BR,55,Clear,Suspected minor injury (B),None,"Divided highway, median strip, with traffic barrier",Single motor vehicle
2018,January,8,7:00 AM - 8:00 AM,Wayne County: Detroit,Intersection crash,Hit-and-run,Daylight,"County road, city street, or unknown",Local road or unknown,35,Snow,Suspected minor injury (B),Signal,"Two-way, with continuous left-turn lane",Other
2018,October,11,7:00 AM - 8:00 AM,Wayne County: Canton Twp.,Intersection crash,Not hit-and-run,Dark unlighted,"County road, city street, or unknown",Local road or unknown,25,Cloudy,Suspected minor injury (B),Stop sign,"Divided highway, median strip, without traffic barrier",Single motor vehicle
2018,February,23,12:00 noon - 1:00 PM,Wayne County: Taylor,Not intersection crash,Not hit-and-run,Daylight,Interstate route,M-94\I-94\I-94BL\I-94BR,55,Cloudy,No injury (O),None,One-way trafficway,Other
2018,August,16,3:00 PM - 4:00 PM,Wayne County: Hamtramck,Not intersection crash,Not hit-and-run,Daylight,"County road, city street, or unknown",Local road or unknown,25,Clear,Possible injury (C),Stop with flashing beacon,Not physically divided (two-way trafficway),Single motor vehicle
2018,September,8,3:00 PM - 4:00 PM,Wayne County: Detroit,Intersection crash,Hit-and-run,Daylight,Michigan route,M-102\US-102,25,Cloudy,Possible injury (C),None,Not physically divided (two-way trafficway),Other
2018,November,17,9:00 PM - 10:00 PM,Wayne County: Detroit,Not intersection crash,Hit-and-run,Dark lighted,"County road, city street, or unknown",Local road or unknown,35,Clear,No injury (O),None,Not physically divided (two-way trafficway),Other
2018,December,4,7:00 AM - 8:00 AM,Wayne County: Detroit,Intersection crash,Hit-and-run,Daylight,Michigan route,M-53,35,Cloudy,Possible injury (C),Signal,Not physically divided (two-way trafficway),Other
2018,February,1,9:00 AM - 10:00 AM,Wayne County: Detroit,Not intersection crash,Hit-and-run,Daylight,Michigan route,M-53,35,Clear,Suspected minor injury (B),Signal,Not physically divided (two-way trafficway),Other
2018,January,24,7:00 PM - 8:00 PM,Wayne County: Dearborn,Not intersection crash,Hit-and-run,Dark lighted,"County road, city street, or unknown",Local road or unknown,25,Clear,No injury (O),None,One-way trafficway,Single motor vehicle
2018,February,23,2:00 PM - 3:00 PM,Wayne County: Detroit,Intersection crash,Hit-and-run,Daylight,Michigan route,M-96\I-96\I-96BS,35,Clear,Suspected minor injury (B),None,Not physically divided (two-way trafficway),Single motor vehicle
2018,March,8,3:00 PM - 4:00 PM,Wayne County: Detroit,Not intersection crash,Not hit-and-run,Daylight,"County road, city street, or unknown",Local road or unknown,35,Clear,Suspected serious injury (A),Stop sign,"Divided highway, median strip, with traffic barrier",Other
2018,October,9,12:00 midnight - 1:00 AM,Wayne County: Detroit,Intersection crash,Hit-and-run,Dark lighted,"County road, city street, or unknown",Local road or unknown,25,Clear,Possible injury (C),None,Not physically divided (two-way trafficway),Other
2018,November,2,12:00 noon - 1:00 PM,Wayne County: Detroit,Intersection crash,Not hit-and-run,Daylight,"County road, city street, or unknown",Local road or unknown,25,Rain,Possible injury (C),None,Not physically divided (two-way trafficway),Other
2018,October,19,1:00 PM - 2:00 PM,Wayne County: Detroit,Not intersection crash,Hit-and-run,Dark unlighted,"County road, city street, or unknown",Local road or unknown,25,Clear,No injury (O),None,Not physically divided (two-way trafficway),Other
2018,October,26,11:00 PM - 12:00 midnight,Wayne County: Detroit,Intersection crash,Hit-and-run,Dark lighted,Michigan route,M-3,35,Clear,Possible injury (C),Signal,Not physically divided (two-way trafficway),Other
2018,June,25,2:00 PM - 3:00 PM,Wayne County: Detroit,Intersection crash,Hit-and-run,Daylight,"County road, city street, or unknown",Local road or unknown,35,Clear,No injury (O),Signal,"Divided highway, median strip, without traffic barrier",Unknown
2018,January,8,8:00 PM - 9:00 PM,Wayne County: Detroit,Intersection crash,Not hit-and-run,Dark lighted,Interstate route,M-96\I-96\I-96BS,30,Cloudy,No injury (O),None,Not physically divided (two-way trafficway),Single motor vehicle
2018,December,31,11:00 PM - 12:00 midnight,Wayne County: Wood Haven,Not intersection crash,Not hit-and-run,Dark lighted,"County road, city street, or unknown",Local road or unknown,40,Rain,Possible injury (C),None,"Divided highway, median strip, without traffic barrier",Other
2018,July,26,4:00 PM - 5:00 PM,Wayne County: Lincoln Park,Intersection crash,Not hit-and-run,Daylight,"County road, city street, or unknown",Local road or unknown,40,Clear,Possible injury (C),Signal,Not physically divided (two-way trafficway),Single motor vehicle